val_loss,val_acc,train_loss,train_acc
2.7474759817123413,0.62158203,13.134084,"tf.Tensor(0.50284404, shape=(), dtype=float32)"
2.7148619890213013,0.62158203,13.054112,"tf.Tensor(0.5283374, shape=(), dtype=float32)"
2.683976709842682,0.62158203,12.947159,"tf.Tensor(0.53824013, shape=(), dtype=float32)"
2.6521966457366943,0.62158203,12.842104,"tf.Tensor(0.53971356, shape=(), dtype=float32)"
2.6240354180336,0.62158203,12.710413,"tf.Tensor(0.5404331, shape=(), dtype=float32)"
2.595263957977295,0.62158203,12.629263,"tf.Tensor(0.5417695, shape=(), dtype=float32)"
2.563804030418396,0.62158203,12.51214,"tf.Tensor(0.54135823, shape=(), dtype=float32)"
